{"loss": [0.04610138386487961, 0.1027122437953949, 0.05877436324954033, 0.050277229398489, 0.04743436723947525, 0.04622301086783409, 0.0454709455370903, 0.04486389458179474], "note_loss": [0.041884735226631165, 0.09723301231861115, 0.053455691784620285, 0.045135967433452606, 0.04250238463282585, 0.04142969101667404, 0.040814850479364395, 0.040419816970825195], "onset_loss": [0.004216602072119713, 0.005479357670992613, 0.005318697541952133, 0.005141275469213724, 0.004932098556309938, 0.004793447908014059, 0.004656077362596989, 0.004443964920938015], "note_accuracy": [0.27840569615364075, 0.16699327528476715, 0.23774781823158264, 0.2699243426322937, 0.27924755215644836, 0.2822509706020355, 0.28230881690979004, 0.28172537684440613], "note_precision": [0.681388795375824, 0.5662664771080017, 0.6047271490097046, 0.6508731245994568, 0.6725619435310364, 0.6829606294631958, 0.687882125377655, 0.6901525259017944], "note_recall": [0.40766391158103943, 0.13274304568767548, 0.2718576192855835, 0.3571723401546478, 0.40162602066993713, 0.4191283881664276, 0.4306236505508423, 0.4384564161300659], "onset_accuracy": [0.061909954994916916, 0.05412333831191063, 0.0532650500535965, 0.057905036956071854, 0.06145477294921875, 0.06239568814635277, 0.0625927597284317, 0.06222309544682503], "onset_precision": [0.5065955519676208, 0.28009119629859924, 0.4149259924888611, 0.4268264174461365, 0.44326257705688477, 0.45200636982917786, 0.46445751190185547, 0.47915709018707275], "onset_recall": [0.170413538813591, 0.07381343096494675, 0.0840444564819336, 0.11756520718336105, 0.1535390168428421, 0.1743302196264267, 0.1878603845834732, 0.20343491435050964], "val_loss": [0.048765260726213455, 0.06643692404031754, 0.05348113551735878, 0.04952574521303177, 0.05139807611703873, 0.04753221571445465, 0.04670809954404831, 0.0472116693854332], "val_note_loss": [0.044276509433984756, 0.061240680515766144, 0.04860897362232208, 0.04494471848011017, 0.04680798947811127, 0.04314242675900459, 0.04247100278735161, 0.043258242309093475], "val_onset_loss": [0.004488809499889612, 0.005196191370487213, 0.0048721847124397755, 0.004581101704388857, 0.004590055905282497, 0.004389780107885599, 0.004237135872244835, 0.00395340146496892], "val_note_accuracy": [0.2959570288658142, 0.22134186327457428, 0.26726529002189636, 0.27192533016204834, 0.2944200336933136, 0.2870905101299286, 0.28012776374816895, 0.2712729573249817], "val_note_precision": [0.7126797437667847, 0.5782082080841064, 0.6352606415748596, 0.6995643377304077, 0.6242404580116272, 0.6640514135360718, 0.7179758548736572, 0.6232307553291321], "val_note_recall": [0.3625487983226776, 0.2511892020702362, 0.34678760170936584, 0.35787439346313477, 0.4821690618991852, 0.46472451090812683, 0.40462151169776917, 0.5708938837051392], "val_onset_accuracy": [0.07524481415748596, 0.05301116406917572, 0.053267933428287506, 0.0580156035721302, 0.05372827127575874, 0.05739418789744377, 0.06303832679986954, 0.05618099868297577], "val_onset_precision": [0.5332541465759277, 0.4674704074859619, 0.4604320526123047, 0.45085853338241577, 0.40960782766342163, 0.48129773139953613, 0.4925100803375244, 0.4977620542049408], "val_onset_recall": [0.036567654460668564, 0.029596157371997833, 0.05036725476384163, 0.13951203227043152, 0.19376952946186066, 0.15369702875614166, 0.16146987676620483, 0.1710967868566513]}