{"loss": [0.05357355624437332, 0.04735143110156059], "note_loss": [0.04667690768837929, 0.04284956678748131], "onset_loss": [0.006896564736962318, 0.0045018745586276054], "note_accuracy": [0.2623300552368164, 0.275586873292923], "note_precision": [0.6457191109657288, 0.6753094792366028], "note_recall": [0.3267477750778198, 0.38912758231163025], "onset_accuracy": [0.06155680865049362, 0.062258195132017136], "onset_precision": [0.1301853358745575, 0.494142085313797], "onset_recall": [0.0694485604763031, 0.1404184252023697], "val_loss": [0.05381269380450249, 0.04797235503792763], "val_note_loss": [0.049271173775196075, 0.04390417039394379], "val_onset_loss": [0.004541556816548109, 0.004068154841661453], "val_note_accuracy": [0.28474879264831543, 0.28472208976745605], "val_note_precision": [0.7027448415756226, 0.6980158686637878], "val_note_recall": [0.26093176007270813, 0.35713350772857666], "val_onset_accuracy": [0.07979105412960052, 0.06007387116551399], "val_onset_precision": [0.4796600043773651, 0.52274489402771], "val_onset_recall": [0.06692945957183838, 0.1235276386141777]}