{"loss": [0.0443606935441494, 0.044106874614953995, 0.04378632828593254, 0.04356217011809349, 0.04352467507123947, 0.043412141501903534, 0.04324501380324364, 0.04315386712551117, 0.04306887462735176, 0.04303315654397011], "note_loss": [0.04014976695179939, 0.04000836983323097, 0.039757080376148224, 0.03957202658057213, 0.039549510926008224, 0.039469148963689804, 0.039315447211265564, 0.03923552855849266, 0.039170585572719574, 0.039144378155469894], "onset_loss": [0.004210881423205137, 0.004098502453416586, 0.004029373172670603, 0.0039901346899569035, 0.0039750440046191216, 0.003943075891584158, 0.003929587081074715, 0.003918305039405823, 0.0038982995320111513, 0.0038887166883796453], "note_accuracy": [0.2820061445236206, 0.2821328639984131, 0.2824479341506958, 0.28303349018096924, 0.28327590227127075, 0.2841705083847046, 0.2844405770301819, 0.28468021750450134, 0.28482598066329956, 0.2858307957649231], "note_precision": [0.6920410990715027, 0.6934834122657776, 0.695473849773407, 0.6965658068656921, 0.6969183683395386, 0.6974073052406311, 0.6984192728996277, 0.6985774636268616, 0.6995477080345154, 0.6997092366218567], "note_recall": [0.44276922941207886, 0.4455883502960205, 0.4500690698623657, 0.45307669043540955, 0.4533149302005768, 0.4551854729652405, 0.4577729105949402, 0.45880481600761414, 0.4603671133518219, 0.4615839421749115], "onset_accuracy": [0.05866793170571327, 0.05914006754755974, 0.060073863714933395, 0.060463614761829376, 0.06041109934449196, 0.06057126075029373, 0.06050776317715645, 0.06058938428759575, 0.06061846762895584, 0.06057265028357506], "onset_precision": [0.4957405924797058, 0.504204511642456, 0.5141090154647827, 0.5144306421279907, 0.5179103016853333, 0.5235008001327515, 0.520799458026886, 0.5219093561172485, 0.5243577361106873, 0.5252565145492554], "onset_recall": [0.20404745638370514, 0.20063404738903046, 0.2022552192211151, 0.20226536691188812, 0.20292499661445618, 0.2079431414604187, 0.2070254385471344, 0.20753109455108643, 0.2098097950220108, 0.21228374540805817], "val_loss": [0.04931502044200897, 0.04666683077812195, 0.04563283920288086, 0.044787876307964325, 0.044616252183914185, 0.04700819402933121, 0.04636157304048538, 0.04686121270060539, 0.04561908543109894, 0.04459866136312485], "val_note_loss": [0.04544633999466896, 0.04291843622922897, 0.04087153449654579, 0.04103757068514824, 0.04092638939619064, 0.04335964098572731, 0.04253402724862099, 0.04323600232601166, 0.04187333583831787, 0.04096398130059242], "val_onset_loss": [0.003868711646646261, 0.0037484262138605118, 0.004761292599141598, 0.0037502655759453773, 0.0036899105180054903, 0.003648565849289298, 0.0038275422994047403, 0.0036251975689083338, 0.003745733993127942, 0.0036346721462905407], "val_note_accuracy": [0.25784701108932495, 0.2704957127571106, 0.295035183429718, 0.29467153549194336, 0.30748558044433594, 0.3137560784816742, 0.29966098070144653, 0.2880391776561737, 0.25820013880729675, 0.2955004572868347], "val_note_precision": [0.6145122051239014, 0.6385077834129333, 0.6798033714294434, 0.7259179949760437, 0.7042419910430908, 0.6727494597434998, 0.7572135329246521, 0.7599790692329407, 0.6624364256858826, 0.7447901964187622], "val_note_recall": [0.5732475519180298, 0.5305638909339905, 0.4725104868412018, 0.418403297662735, 0.4468100070953369, 0.46736767888069153, 0.36250388622283936, 0.3464201092720032, 0.48736971616744995, 0.39898595213890076], "val_onset_accuracy": [0.054323501884937286, 0.05512296035885811, 0.05470000579953194, 0.05588354915380478, 0.06394829601049423, 0.05723772197961807, 0.054531022906303406, 0.056832391768693924, 0.05559252202510834, 0.05581750348210335], "val_onset_precision": [0.49457305669784546, 0.5086480379104614, 0.4483186602592468, 0.5052616000175476, 0.5468321442604065, 0.4992774724960327, 0.5012825727462769, 0.5264719724655151, 0.4656161665916443, 0.5011725425720215], "val_onset_recall": [0.21981170773506165, 0.20078961551189423, 0.3639378845691681, 0.28296712040901184, 0.12330080568790436, 0.2403113692998886, 0.2605103552341461, 0.1898881494998932, 0.36949947476387024, 0.27928534150123596]}