{
    "model_path": "/Users/tomasz/Documents/Learning/Studies/zzMasters/Thesis/perfect-peach/pp1/saved_models/2506081136_model_epoch_02_08_10.keras",
    "evaluation_date": "2025-06-15 16:56:51",
    "test_set_size": 177,
    "metrics": {
        "loss": 0.04343153163790703,
        "note_loss": 0.03929929435253143,
        "onset_loss": 0.004132249858230352,
        "note_accuracy": 0.29429900646209717,
        "note_note_precision": 0.7365725636482239,
        "note_note_recall": 0.41383132338523865,
        "onset_accuracy": 0.0597008652985096,
        "onset_onset_precision": 0.48809731006622314,
        "onset_onset_recall": 0.25760218501091003,
        "note_f1_score": 0.5299300571207753,
        "onset_f1_score": 0.33722681697136203
    }
}