{"loss": [0.054012369364500046, 0.047307297587394714, 0.046058863401412964, 0.045417506247758865], "note_loss": [0.04738570377230644, 0.042801909148693085, 0.04181639477610588, 0.041287921369075775], "onset_loss": [0.006626669783145189, 0.004505312070250511, 0.004242472350597382, 0.0041295504197478294], "note_accuracy": [0.2640498876571655, 0.27836742997169495, 0.2817823886871338, 0.2844085693359375], "note_precision": [0.6279127597808838, 0.6689971685409546, 0.6761674284934998, 0.6800073385238647], "note_recall": [0.3299466073513031, 0.40004318952560425, 0.4179016351699829, 0.42748716473579407], "onset_accuracy": [0.08100319653749466, 0.06476236879825592, 0.06295497715473175, 0.06363393366336823], "onset_precision": [0.1677931696176529, 0.49494606256484985, 0.5136751532554626, 0.5148951411247253], "onset_recall": [0.07152696698904037, 0.13524378836154938, 0.16491913795471191, 0.179054856300354], "val_loss": [0.051174361258745193, 0.04764726012945175, 0.047853272408246994, 0.04602205753326416], "val_note_loss": [0.04662305861711502, 0.0435655415058136, 0.0438065379858017, 0.042257796972990036], "val_onset_loss": [0.00455129612237215, 0.00408167764544487, 0.004046735353767872, 0.003764297114685178], "val_note_accuracy": [0.2745687663555145, 0.2741090953350067, 0.2774011492729187, 0.3052046597003937], "val_note_precision": [0.6369531154632568, 0.6550398468971252, 0.666751503944397, 0.666814386844635], "val_note_recall": [0.43742555379867554, 0.4650091230869293, 0.4654572010040283, 0.4663994610309601], "val_onset_accuracy": [0.08996875584125519, 0.06089918687939644, 0.0652153417468071, 0.06863931566476822], "val_onset_precision": [0.5170562267303467, 0.4639744162559509, 0.5504476428031921, 0.5263007283210754], "val_onset_recall": [0.042698297649621964, 0.2447146773338318, 0.1158122569322586, 0.16700242459774017]}