{"loss": [0.448895126581192, 0.12497030943632126, 0.09779918193817139, 0.08547075092792511], "note_loss": [0.21734118461608887, 0.10736972838640213, 0.08779071271419525, 0.07690707594156265], "onset_loss": [0.23155395686626434, 0.017600592225790024, 0.010008481331169605, 0.008563686162233353], "note_accuracy": [0.020337384194135666, 0.12782037258148193, 0.173489049077034, 0.21611419320106506], "note_precision": [0.02499442920088768, 0.0, 0.6949878931045532, 0.6893434524536133], "note_recall": [0.03163808211684227, 0.0, 0.03394210711121559, 0.15220259130001068], "onset_accuracy": [0.020093586295843124, 0.04393849894404411, 0.15162596106529236, 0.15300224721431732], "onset_precision": [0.0008559824782423675, 0.0, 0.0, 0.0], "onset_recall": [0.09847401082515717, 0.0, 0.0, 0.0], "val_loss": [0.14502373337745667, 0.1263798326253891, 0.15693700313568115, 0.2364027053117752], "val_note_loss": [0.1309361308813095, 0.11253916472196579, 0.14311859011650085, 0.2238810509443283], "val_onset_loss": [0.014087602496147156, 0.013840682804584503, 0.013818384148180485, 0.01252164226025343], "val_note_accuracy": [0.0007207415183074772, 0.04627160355448723, 0.1997462958097458, 0.17137791216373444], "val_note_precision": [0.04505632072687149, 0.3612167239189148, 0.4412132501602173, 0.2823992073535919], "val_note_recall": [0.0009327793959528208, 0.0008205004269257188, 0.21018630266189575, 0.5178617835044861], "val_onset_accuracy": [0.0013982384698465466, 0.5898259878158569, 0.8629005551338196, 0.9035071134567261], "val_onset_precision": [0.0, 0.0, 0.0, 0.0], "val_onset_recall": [0.0, 0.0, 0.0, 0.0]}